name,label
desert_eagle/00000010.jpg,desert_eagle
desert_eagle/00000011.PNG,desert_eagle
desert_eagle/00000290.jpg,desert_eagle
desert_eagle/00000215.jpg,desert_eagle
desert_eagle/00000012.jpg,desert_eagle
desert_eagle/00000087.jpg,desert_eagle
desert_eagle/00000214.png,desert_eagle
desert_eagle/00000247.jpg,desert_eagle
desert_eagle/00000025.jpg,desert_eagle
desert_eagle/00000331.jpg,desert_eagle
desert_eagle/00000004.jpg,desert_eagle
desert_eagle/00000133.png,desert_eagle
desert_eagle/00000048.jpg,desert_eagle
desert_eagle/00000149.jpg,desert_eagle
desert_eagle/00000181.jpg,desert_eagle
desert_eagle/00000027.jpeg,desert_eagle
desert_eagle/00000207.jpg,desert_eagle
desert_eagle/00000141.jpg,desert_eagle
desert_eagle/00000241.jpg,desert_eagle
desert_eagle/00000208.jpg,desert_eagle
desert_eagle/00000310.JPG,desert_eagle
desert_eagle/00000320.jpeg,desert_eagle
desert_eagle/00000005.jpg,desert_eagle
desert_eagle/00000296.jpg,desert_eagle
desert_eagle/00000178.jpg,desert_eagle
desert_eagle/00000167.jpg,desert_eagle
desert_eagle/00000085.jpg,desert_eagle
desert_eagle/00000249.jpg,desert_eagle
desert_eagle/00000127.jpg,desert_eagle
desert_eagle/00000035.jpg,desert_eagle
desert_eagle/00000100.jpg,desert_eagle
desert_eagle/00000001.jpg,desert_eagle
desert_eagle/00000132.jpg,desert_eagle
desert_eagle/00000239.jpg,desert_eagle
desert_eagle/00000298.jpg,desert_eagle
desert_eagle/00000110.jpg,desert_eagle
desert_eagle/00000146.jpg,desert_eagle
desert_eagle/00000179.jpeg,desert_eagle
desert_eagle/00000063.jpg,desert_eagle
desert_eagle/00000236.jpg,desert_eagle
desert_eagle/00000201.jpg,desert_eagle
desert_eagle/00000231.jpg,desert_eagle
desert_eagle/00000227.jpg,desert_eagle
desert_eagle/00000265.jpg,desert_eagle
desert_eagle/00000219.jpg,desert_eagle
desert_eagle/00000129.png,desert_eagle
desert_eagle/00000028.jpg,desert_eagle
desert_eagle/00000202.png,desert_eagle
desert_eagle/00000264.jpg,desert_eagle
desert_eagle/00000326.jpg,desert_eagle
desert_eagle/00000007.jpg,desert_eagle
desert_eagle/00000317.jpeg,desert_eagle
desert_eagle/00000183.jpg,desert_eagle
desert_eagle/00000031.JPG,desert_eagle
desert_eagle/00000152.jpg,desert_eagle
desert_eagle/00000289.png,desert_eagle
desert_eagle/00000059.jpg,desert_eagle
desert_eagle/00000173.jpg,desert_eagle
desert_eagle/00000036.jpg,desert_eagle
desert_eagle/00000150.jpg,desert_eagle
desert_eagle/00000071.jpg,desert_eagle
desert_eagle/00000090.jpg,desert_eagle
desert_eagle/00000191.jpg,desert_eagle
desert_eagle/00000034.jpeg,desert_eagle
desert_eagle/00000309.jpg,desert_eagle
desert_eagle/00000213.jpg,desert_eagle
desert_eagle/00000252.jpg,desert_eagle
desert_eagle/00000003.jpg,desert_eagle
desert_eagle/00000182.jpg,desert_eagle
desert_eagle/00000123.jpg,desert_eagle
desert_eagle/00000334.jpg,desert_eagle
desert_eagle/00000284.jpg,desert_eagle
desert_eagle/00000008.gif,desert_eagle
desert_eagle/00000170.jpg,desert_eagle
desert_eagle/00000095.jpg,desert_eagle
desert_eagle/00000107.jpg,desert_eagle
desert_eagle/00000343.jpg,desert_eagle
desert_eagle/00000144.jpg,desert_eagle
desert_eagle/00000018.png,desert_eagle
desert_eagle/00000068.jpg,desert_eagle
desert_eagle/00000267.JPG,desert_eagle
desert_eagle/00000062.jpg,desert_eagle
desert_eagle/00000111.jpg,desert_eagle
desert_eagle/00000058.jpg,desert_eagle
desert_eagle/00000271.jpg,desert_eagle
desert_eagle/00000017.jpg,desert_eagle
desert_eagle/00000274.jpg,desert_eagle
desert_eagle/00000013.jpg,desert_eagle
desert_eagle/00000131.jpg,desert_eagle
desert_eagle/00000220.jpg,desert_eagle
desert_eagle/00000064.jpg,desert_eagle
desert_eagle/00000177.jpeg,desert_eagle
desert_eagle/00000006.jpg,desert_eagle
desert_eagle/00000053.jpg,desert_eagle
desert_eagle/00000263.JPG,desert_eagle
desert_eagle/00000333.jpg,desert_eagle
desert_eagle/00000137.jpg,desert_eagle
desert_eagle/00000022.jpg,desert_eagle
desert_eagle/00000211.jpg,desert_eagle
desert_eagle/00000338.jpg,desert_eagle
desert_eagle/00000147.jpg,desert_eagle
desert_eagle/00000340.jpg,desert_eagle
desert_eagle/00000240.jpg,desert_eagle
desert_eagle/00000148.jpg,desert_eagle
desert_eagle/00000246.jpg,desert_eagle
desert_eagle/00000104.jpg,desert_eagle
desert_eagle/00000315.jpg,desert_eagle
desert_eagle/00000042.gif,desert_eagle
desert_eagle/00000114.jpg,desert_eagle
desert_eagle/00000283.jpg,desert_eagle
desert_eagle/00000313.jpg,desert_eagle
desert_eagle/00000019.jpg,desert_eagle
desert_eagle/00000339.jpg,desert_eagle
desert_eagle/00000103.jpg,desert_eagle
desert_eagle/00000171.jpg,desert_eagle
desert_eagle/00000044.jpg,desert_eagle
desert_eagle/00000099.jpg,desert_eagle
desert_eagle/00000305.jpg,desert_eagle
desert_eagle/00000096.jpg,desert_eagle
desert_eagle/00000266.jpg,desert_eagle
desert_eagle/00000065.jpg,desert_eagle
desert_eagle/00000268.jpg,desert_eagle
desert_eagle/00000009.jpg,desert_eagle
desert_eagle/00000161.jpg,desert_eagle
desert_eagle/00000336.jpg,desert_eagle
desert_eagle/00000105.jpg,desert_eagle
desert_eagle/00000233.jpeg,desert_eagle
desert_eagle/00000116.png,desert_eagle
desert_eagle/00000102.jpg,desert_eagle
desert_eagle/00000079.jpg,desert_eagle
desert_eagle/00000186.jpg,desert_eagle
desert_eagle/00000342.jpg,desert_eagle
desert_eagle/00000224.jpg,desert_eagle
desert_eagle/00000329.jpg,desert_eagle
desert_eagle/00000164.jpg,desert_eagle
desert_eagle/00000346.jpg,desert_eagle
desert_eagle/00000255.jpg,desert_eagle
desert_eagle/00000280.jpg,desert_eagle
desert_eagle/00000279.jpg,desert_eagle
desert_eagle/00000039.jpg,desert_eagle
desert_eagle/00000185.jpg,desert_eagle
desert_eagle/00000046.jpg,desert_eagle
desert_eagle/00000174.jpg,desert_eagle
desert_eagle/00000193.jpg,desert_eagle
desert_eagle/00000196.jpg,desert_eagle
desert_eagle/00000041.jpg,desert_eagle
desert_eagle/00000070.jpg,desert_eagle
desert_eagle/00000030.jpg,desert_eagle
desert_eagle/00000067.jpg,desert_eagle
desert_eagle/00000175.png,desert_eagle
desert_eagle/00000078.jpg,desert_eagle
desert_eagle/00000162.jpg,desert_eagle
desert_eagle/00000015.jpg,desert_eagle
desert_eagle/00000083.jpg,desert_eagle
desert_eagle/00000168.jpg,desert_eagle
desert_eagle/00000055.jpg,desert_eagle
desert_eagle/00000165.jpg,desert_eagle
desert_eagle/00000216.jpg,desert_eagle
desert_eagle/00000066.jpg,desert_eagle
desert_eagle/00000194.jpg,desert_eagle
desert_eagle/00000195.jpg,desert_eagle
desert_eagle/00000204.jpg,desert_eagle
desert_eagle/00000299.jpg,desert_eagle
desert_eagle/00000348.jpg,desert_eagle
desert_eagle/00000277.jpg,desert_eagle
desert_eagle/00000074.jpg,desert_eagle
desert_eagle/00000217.jpeg,desert_eagle
desert_eagle/00000223.jpg,desert_eagle
desert_eagle/00000082.jpg,desert_eagle
desert_eagle/00000077.jpg,desert_eagle
desert_eagle/00000128.jpg,desert_eagle
desert_eagle/00000101.jpg,desert_eagle
desert_eagle/00000341.jpg,desert_eagle
desert_eagle/00000118.jpg,desert_eagle
desert_eagle/00000014.jpg,desert_eagle
desert_eagle/00000349.jpg,desert_eagle
desert_eagle/00000316.jpg,desert_eagle
desert_eagle/00000292.jpg,desert_eagle
desert_eagle/00000139.jpg,desert_eagle
desert_eagle/00000243.png,desert_eagle
desert_eagle/00000302.jpg,desert_eagle
desert_eagle/00000024.jpg,desert_eagle
desert_eagle/00000115.jpg,desert_eagle
desert_eagle/00000250.jpeg,desert_eagle
desert_eagle/00000330.jpg,desert_eagle
desert_eagle/00000108.jpg,desert_eagle
desert_eagle/00000051.jpg,desert_eagle
desert_eagle/00000037.png,desert_eagle
desert_eagle/00000328.jpg,desert_eagle
desert_eagle/00000151.jpg,desert_eagle
desert_eagle/00000190.jpg,desert_eagle
desert_eagle/00000157.png,desert_eagle
desert_eagle/00000047.png,desert_eagle
desert_eagle/00000160.jpg,desert_eagle
desert_eagle/00000225.jpg,desert_eagle
desert_eagle/00000209.jpg,desert_eagle
desert_eagle/00000260.jpg,desert_eagle
desert_eagle/00000163.jpg,desert_eagle
desert_eagle/00000311.jpg,desert_eagle
desert_eagle/00000254.jpg,desert_eagle
desert_eagle/00000117.jpg,desert_eagle
desert_eagle/00000275.jpg,desert_eagle
desert_eagle/00000270.gif,desert_eagle
desert_eagle/00000169.gif,desert_eagle
desert_eagle/00000136.jpg,desert_eagle
desert_eagle/00000269.jpg,desert_eagle
desert_eagle/00000026.jpg,desert_eagle
desert_eagle/00000293.jpg,desert_eagle
desert_eagle/00000142.jpg,desert_eagle
desert_eagle/00000184.jpg,desert_eagle
desert_eagle/00000337.jpg,desert_eagle
desert_eagle/00000229.jpg,desert_eagle
desert_eagle/00000122.jpg,desert_eagle
desert_eagle/00000347.jpeg,desert_eagle
desert_eagle/00000228.JPG,desert_eagle
desert_eagle/00000093.jpg,desert_eagle
desert_eagle/00000109.jpg,desert_eagle
desert_eagle/00000238.jpg,desert_eagle
desert_eagle/00000138.jpg,desert_eagle
desert_eagle/00000049.jpg,desert_eagle
desert_eagle/00000323.jpg,desert_eagle
desert_eagle/00000153.jpg,desert_eagle
desert_eagle/00000098.jpg,desert_eagle
desert_eagle/00000188.png,desert_eagle
desert_eagle/00000281.jpg,desert_eagle
desert_eagle/00000332.JPG,desert_eagle
desert_eagle/00000120.jpg,desert_eagle
desert_eagle/00000020.jpg,desert_eagle
desert_eagle/00000278.jpg,desert_eagle
desert_eagle/00000189.jpg,desert_eagle
desert_eagle/00000235.jpg,desert_eagle
desert_eagle/00000308.jpg,desert_eagle
desert_eagle/00000322.JPG,desert_eagle
desert_eagle/00000143.jpeg,desert_eagle
desert_eagle/00000112.jpg,desert_eagle
desert_eagle/00000125.jpg,desert_eagle
desert_eagle/00000091.jpg,desert_eagle
desert_eagle/00000258.jpg,desert_eagle
desert_eagle/00000319.png,desert_eagle
desert_eagle/00000212.jpg,desert_eagle
desert_eagle/00000306.jpg,desert_eagle
desert_eagle/00000154.jpg,desert_eagle
desert_eagle/00000242.jpg,desert_eagle
desert_eagle/00000203.jpeg,desert_eagle
desert_eagle/00000307.jpg,desert_eagle
desert_eagle/00000304.jpg,desert_eagle
desert_eagle/00000023.jpg,desert_eagle
desert_eagle/00000318.jpg,desert_eagle
revolver/00000010.jpg,revolver
revolver/00000290.jpg,revolver
revolver/00000012.jpg,revolver
revolver/00000135.jpg,revolver
revolver/00000106.png,revolver
revolver/00000247.jpg,revolver
revolver/00000331.jpg,revolver
revolver/00000037.jpg,revolver
revolver/00000215.png,revolver
revolver/00000149.jpg,revolver
revolver/00000179.jpg,revolver
revolver/00000207.jpg,revolver
revolver/00000241.jpg,revolver
revolver/00000067.JPG,revolver
revolver/00000208.jpg,revolver
revolver/00000325.jpg,revolver
revolver/00000296.jpg,revolver
revolver/00000178.jpg,revolver
revolver/00000167.jpg,revolver
revolver/00000249.jpg,revolver
revolver/00000257.jpg,revolver
revolver/00000272.jpg,revolver
revolver/00000035.jpg,revolver
revolver/00000100.jpeg,revolver
revolver/00000320.jpg,revolver
revolver/00000001.jpg,revolver
revolver/00000132.jpg,revolver
revolver/00000239.jpg,revolver
revolver/00000226.jpg,revolver
revolver/00000146.jpg,revolver
revolver/00000052.jpg,revolver
revolver/00000218.jpg,revolver
revolver/00000332.jpg,revolver
revolver/00000129.jpg,revolver
revolver/00000273.jpg,revolver
revolver/00000231.jpg,revolver
revolver/00000265.jpg,revolver
revolver/00000219.jpg,revolver
revolver/00000028.jpg,revolver
revolver/00000326.jpg,revolver
revolver/00000057.jpg,revolver
revolver/00000256.png,revolver
revolver/00000228.jpg,revolver
revolver/00000233.jpg,revolver
revolver/00000075.jpg,revolver
revolver/00000007.jpg,revolver
revolver/00000036.JPG,revolver
revolver/00000303.jpg,revolver
revolver/00000187.jpg,revolver
revolver/00000134.jpg,revolver
revolver/00000152.jpg,revolver
revolver/00000244.jpg,revolver
revolver/00000159.png,revolver
revolver/00000205.png,revolver
revolver/00000180.jpg,revolver
revolver/00000261.jpg,revolver
revolver/00000150.jpg,revolver
revolver/00000066.jpeg,revolver
revolver/00000071.jpg,revolver
revolver/00000288.jpg,revolver
revolver/00000121.jpg,revolver
revolver/00000191.jpg,revolver
revolver/00000309.jpg,revolver
revolver/00000089.jpg,revolver
revolver/00000002.jpg,revolver
revolver/00000213.jpg,revolver
revolver/00000003.jpg,revolver
revolver/00000182.jpg,revolver
revolver/00000123.jpg,revolver
revolver/00000334.jpg,revolver
revolver/00000170.jpg,revolver
revolver/00000176.jpg,revolver
revolver/00000314.png,revolver
revolver/00000095.jpg,revolver
revolver/00000343.jpg,revolver
revolver/00000068.jpg,revolver
revolver/00000062.jpg,revolver
revolver/00000058.jpg,revolver
revolver/00000248.jpg,revolver
revolver/00000119.jpg,revolver
revolver/00000086.png,revolver
revolver/00000013.jpg,revolver
revolver/00000131.jpg,revolver
revolver/00000220.jpg,revolver
revolver/00000064.jpg,revolver
revolver/00000006.jpg,revolver
revolver/00000053.jpg,revolver
revolver/00000259.jpg,revolver
revolver/00000284.png,revolver
revolver/00000333.jpg,revolver
revolver/00000137.jpg,revolver
revolver/00000022.jpg,revolver
revolver/00000285.jpg,revolver
revolver/00000243.jpg,revolver
revolver/00000088.jpg,revolver
revolver/00000147.jpg,revolver
revolver/00000340.jpg,revolver
revolver/00000221.JPG,revolver
revolver/00000148.jpg,revolver
revolver/00000315.gif,revolver
revolver/00000161.jpeg,revolver
revolver/00000250.jpg,revolver
revolver/00000033.jpg,revolver
revolver/00000097.jpg,revolver
revolver/00000166.jpg,revolver
revolver/00000283.jpg,revolver
revolver/00000198.jpg,revolver
revolver/00000313.jpg,revolver
revolver/00000019.jpg,revolver
revolver/00000230.jpg,revolver
revolver/00000103.jpg,revolver
revolver/00000080.jpg,revolver
revolver/00000171.jpg,revolver
revolver/00000099.jpg,revolver
revolver/00000305.jpg,revolver
revolver/00000096.jpg,revolver
revolver/00000202.jpg,revolver
revolver/00000287.jpg,revolver
revolver/00000065.jpg,revolver
revolver/00000268.jpg,revolver
revolver/00000009.jpg,revolver
revolver/00000336.jpg,revolver
revolver/00000348.jpeg,revolver
revolver/00000034.jpg,revolver
revolver/00000102.jpg,revolver
revolver/00000175.jpg,revolver
revolver/00000267.jpg,revolver
revolver/00000116.jpg,revolver
revolver/00000169.png,revolver
revolver/00000298.jpeg,revolver
revolver/00000126.jpg,revolver
revolver/00000329.jpg,revolver
revolver/00000164.jpg,revolver
revolver/00000346.jpg,revolver
revolver/00000050.jpg,revolver
revolver/00000214.jpg,revolver
revolver/00000240.png,revolver
revolver/00000255.jpg,revolver
revolver/00000280.jpg,revolver
revolver/00000279.jpg,revolver
revolver/00000039.jpg,revolver
revolver/00000158.jpg,revolver
revolver/00000185.jpg,revolver
revolver/00000107.png,revolver
revolver/00000297.JPG,revolver
revolver/00000196.jpg,revolver
revolver/00000070.jpg,revolver
revolver/00000076.jpg,revolver
revolver/00000078.jpg,revolver
revolver/00000162.jpg,revolver
revolver/00000083.jpg,revolver
revolver/00000168.jpg,revolver
revolver/00000165.jpg,revolver
revolver/00000130.JPG,revolver
revolver/00000174.jpeg,revolver
revolver/00000194.jpg,revolver
revolver/00000195.jpg,revolver
revolver/00000040.jpg,revolver
revolver/00000299.jpg,revolver
revolver/00000056.jpg,revolver
revolver/00000074.jpg,revolver
revolver/00000223.jpg,revolver
revolver/00000082.jpg,revolver
revolver/00000054.jpg,revolver
revolver/00000060.jpg,revolver
revolver/00000016.jpg,revolver
revolver/00000294.jpg,revolver
revolver/00000118.jpg,revolver
revolver/00000143.jpg,revolver
revolver/00000349.jpg,revolver
revolver/00000073.gif,revolver
revolver/00000316.jpg,revolver
revolver/00000300.JPG,revolver
revolver/00000292.jpg,revolver
revolver/00000302.jpg,revolver
revolver/00000024.jpg,revolver
revolver/00000133.jpg,revolver
revolver/00000045.JPG,revolver
revolver/00000330.jpg,revolver
revolver/00000051.jpg,revolver
revolver/00000203.jpg,revolver
revolver/00000328.jpg,revolver
revolver/00000032.jpg,revolver
revolver/00000262.jpg,revolver
revolver/00000321.jpg,revolver
revolver/00000072.jpg,revolver
revolver/00000160.jpg,revolver
revolver/00000225.jpg,revolver
revolver/00000209.jpg,revolver
revolver/00000029.jpg,revolver
revolver/00000260.jpg,revolver
revolver/00000289.jpg,revolver
revolver/00000163.jpg,revolver
revolver/00000127.jpeg,revolver
revolver/00000311.jpg,revolver
revolver/00000014.jpeg,revolver
revolver/00000254.jpg,revolver
revolver/00000117.jpg,revolver
revolver/00000275.jpg,revolver
revolver/00000319.jpg,revolver
revolver/00000136.jpg,revolver
revolver/00000269.jpg,revolver
revolver/00000293.jpg,revolver
revolver/00000251.jpg,revolver
revolver/00000011.jpg,revolver
revolver/00000232.jpg,revolver
revolver/00000184.jpg,revolver
revolver/00000229.jpg,revolver
revolver/00000210.jpg,revolver
revolver/00000122.jpg,revolver
revolver/00000138.jpg,revolver
revolver/00000177.jpg,revolver
revolver/00000276.jpg,revolver
revolver/00000323.jpg,revolver
revolver/00000098.jpg,revolver
revolver/00000120.jpg,revolver
revolver/00000020.jpg,revolver
revolver/00000278.jpg,revolver
revolver/00000253.jpg,revolver
revolver/00000077.png,revolver
revolver/00000112.jpg,revolver
revolver/00000125.jpg,revolver
revolver/00000157.jpg,revolver
revolver/00000091.jpg,revolver
revolver/00000258.jpg,revolver
revolver/00000000.jpg,revolver
revolver/00000335.jpg,revolver
revolver/00000306.jpg,revolver
revolver/00000242.jpg,revolver
revolver/00000237.jpg,revolver
revolver/00000049.png,revolver
revolver/00000113.jpg,revolver
revolver/00000318.jpg,revolver
glock/00000106.jpg,glock
glock/00000290.jpg,glock
glock/00000025.png,glock
glock/00000215.jpg,glock
glock/00000012.jpg,glock
glock/00000234.jpg,glock
glock/00000047.jpg,glock
glock/00000004.jpg,glock
glock/00000037.jpg,glock
glock/00000081.jpg,glock
glock/00000048.jpg,glock
glock/00000179.jpg,glock
glock/00000181.jpg,glock
glock/00000207.jpg,glock
glock/00000345.jpg,glock
glock/00000314.jpg,glock
glock/00000005.jpg,glock
glock/00000167.jpg,glock
glock/00000322.jpg,glock
glock/00000085.jpg,glock
glock/00000249.jpg,glock
glock/00000272.jpg,glock
glock/00000127.jpg,glock
glock/00000035.jpg,glock
glock/00000295.jpg,glock
glock/00000320.jpg,glock
glock/00000100.jpg,glock
glock/00000270.jpg,glock
glock/00000184.png,glock
glock/00000145.jpg,glock
glock/00000298.jpg,glock
glock/00000110.jpg,glock
glock/00000301.jpg,glock
glock/00000146.jpg,glock
glock/00000312.jpg,glock
glock/00000052.jpg,glock
glock/00000218.jpg,glock
glock/00000346.png,glock
glock/00000332.jpg,glock
glock/00000063.jpg,glock
glock/00000221.jpg,glock
glock/00000129.jpg,glock
glock/00000201.jpg,glock
glock/00000231.jpg,glock
glock/00000219.jpg,glock
glock/00000130.jpg,glock
glock/00000077.PNG,glock
glock/00000027.jpg,glock
glock/00000028.jpg,glock
glock/00000057.jpg,glock
glock/00000228.jpg,glock
glock/00000233.jpg,glock
glock/00000018.jpg,glock
glock/00000121.png,glock
glock/00000075.jpg,glock
glock/00000007.jpg,glock
glock/00000183.jpg,glock
glock/00000199.jpg,glock
glock/00000152.jpg,glock
glock/00000149.png,glock
glock/00000206.jpg,glock
glock/00000244.jpg,glock
glock/00000031.png,glock
glock/00000059.jpg,glock
glock/00000134.JPG,glock
glock/00000036.jpg,glock
glock/00000159.png,glock
glock/00000045.jpg,glock
glock/00000180.jpg,glock
glock/00000261.jpg,glock
glock/00000247.png,glock
glock/00000071.jpg,glock
glock/00000090.jpg,glock
glock/00000288.jpg,glock
glock/00000327.jpg,glock
glock/00000309.jpg,glock
glock/00000089.jpg,glock
glock/00000213.jpg,glock
glock/00000182.jpg,glock
glock/00000123.jpg,glock
glock/00000334.jpg,glock
glock/00000284.jpg,glock
glock/00000344.jpg,glock
glock/00000095.jpg,glock
glock/00000107.jpg,glock
glock/00000343.jpg,glock
glock/00000068.jpg,glock
glock/00000111.jpg,glock
glock/00000248.jpg,glock
glock/00000119.jpg,glock
glock/00000271.jpg,glock
glock/00000017.jpg,glock
glock/00000274.jpg,glock
glock/00000170.JPG,glock
glock/00000013.jpg,glock
glock/00000131.jpg,glock
glock/00000220.jpg,glock
glock/00000064.jpg,glock
glock/00000006.jpg,glock
glock/00000347.jpg,glock
glock/00000053.jpg,glock
glock/00000259.jpg,glock
glock/00000137.jpg,glock
glock/00000022.jpg,glock
glock/00000338.jpg,glock
glock/00000147.jpg,glock
glock/00000240.jpg,glock
glock/00000148.jpg,glock
glock/00000246.jpg,glock
glock/00000104.jpg,glock
glock/00000250.jpg,glock
glock/00000033.jpg,glock
glock/00000097.jpg,glock
glock/00000166.jpg,glock
glock/00000283.jpg,glock
glock/00000198.jpg,glock
glock/00000313.jpg,glock
glock/00000339.jpg,glock
glock/00000333.png,glock
glock/00000103.jpg,glock
glock/00000080.jpg,glock
glock/00000171.jpg,glock
glock/00000305.jpg,glock
glock/00000096.jpg,glock
glock/00000202.jpg,glock
glock/00000266.jpg,glock
glock/00000210.png,glock
glock/00000287.jpg,glock
glock/00000098.JPG,glock
glock/00000065.jpg,glock
glock/00000268.jpg,glock
glock/00000009.jpg,glock
glock/00000061.jpg,glock
glock/00000161.jpg,glock
glock/00000263.jpg,glock
glock/00000336.jpg,glock
glock/00000105.jpg,glock
glock/00000117.png,glock
glock/00000102.jpg,glock
glock/00000175.jpg,glock
glock/00000267.jpg,glock
glock/00000116.jpg,glock
glock/00000186.jpg,glock
glock/00000342.jpg,glock
glock/00000224.jpg,glock
glock/00000126.jpg,glock
glock/00000329.jpg,glock
glock/00000282.jpg,glock
glock/00000050.jpg,glock
glock/00000256.jpg,glock
glock/00000217.jpg,glock
glock/00000084.jpg,glock
glock/00000255.jpg,glock
glock/00000144.jpeg,glock
glock/00000279.jpg,glock
glock/00000039.jpg,glock
glock/00000158.jpg,glock
glock/00000185.jpg,glock
glock/00000046.jpg,glock
glock/00000193.jpg,glock
glock/00000196.jpg,glock
glock/00000174.png,glock
glock/00000030.jpg,glock
glock/00000067.jpg,glock
glock/00000015.jpg,glock
glock/00000168.jpg,glock
glock/00000055.jpg,glock
glock/00000245.jpg,glock
glock/00000216.jpg,glock
glock/00000066.jpg,glock
glock/00000243.JPG,glock
glock/00000040.jpg,glock
glock/00000299.jpg,glock
glock/00000348.jpg,glock
glock/00000083.JPG,glock
glock/00000277.jpg,glock
glock/00000074.jpg,glock
glock/00000297.png,glock
glock/00000082.jpg,glock
glock/00000054.jpg,glock
glock/00000016.jpg,glock
glock/00000294.jpg,glock
glock/00000014.jpg,glock
glock/00000349.jpg,glock
glock/00000316.jpg,glock
glock/00000195.png,glock
glock/00000292.jpg,glock
glock/00000139.jpg,glock
glock/00000302.jpg,glock
glock/00000024.jpg,glock
glock/00000133.jpg,glock
glock/00000142.jpeg,glock
glock/00000330.jpg,glock
glock/00000108.jpg,glock
glock/00000051.jpg,glock
glock/00000203.jpg,glock
glock/00000328.jpg,glock
glock/00000197.jpg,glock
glock/00000262.jpg,glock
glock/00000151.jpg,glock
glock/00000190.jpg,glock
glock/00000038.jpg,glock
glock/00000321.jpg,glock
glock/00000160.jpg,glock
glock/00000209.jpg,glock
glock/00000260.jpg,glock
glock/00000289.jpg,glock
glock/00000311.jpg,glock
glock/00000254.jpg,glock
glock/00000101.png,glock
glock/00000319.jpg,glock
glock/00000136.jpg,glock
glock/00000269.jpg,glock
glock/00000293.jpg,glock
glock/00000251.jpg,glock
glock/00000153.png,glock
glock/00000058.JPG,glock
glock/00000011.jpg,glock
glock/00000232.jpg,glock
glock/00000229.jpg,glock
glock/00000176.png,glock
glock/00000070.JPG,glock
glock/00000122.jpg,glock
glock/00000093.jpg,glock
glock/00000109.jpg,glock
glock/00000138.jpg,glock
glock/00000177.jpg,glock
glock/00000276.jpg,glock
glock/00000323.jpg,glock
glock/00000188.png,glock
glock/00000281.jpg,glock
glock/00000124.jpg,glock
glock/00000120.jpg,glock
glock/00000162.png,glock
glock/00000278.jpg,glock
glock/00000308.jpg,glock
glock/00000143.jpeg,glock
glock/00000300.jpg,glock
glock/00000275.png,glock
glock/00000157.jpg,glock
glock/00000091.jpg,glock
glock/00000258.jpg,glock
glock/00000000.jpg,glock
glock/00000212.jpg,glock
glock/00000306.jpg,glock
glock/00000154.jpg,glock
glock/00000242.jpg,glock
glock/00000113.jpg,glock
glock/00000023.jpg,glock
glock/00000200.png,glock
